Workbook

Sheet Jobs
A1: Job # | B1: Customer | C1: Description | D1: Quote | E1: Status | F1: Labor | G1: Materials | H1: Total cost | I1: Billed | J1: Profit | K1: Margin
A2: J-1001 | B2: Okafor Dental | C2: Panel upgrade | D2: 3750 | E2: Complete | F2: =SUMIF(Labor!$B$2:$B$40,A2,Labor!$G$2:$G$40) | G2: =SUMIF(Materials!$B$2:$B$200,A2,Materials!$F$2:$F$200) | H2: =F2+G2 | I2: 3750 | J2: =D2-H2 | K2: =J2/D2
A3: J-1002 | B3: Haddad Bakery | C3: Oven circuit | D3: 6200 | E3: Complete | F3: =SUMIF(Labor!$B$2:$B$40,A3,Labor!$G$2:$G$40) | G3: =SUMIF(Materials!$B$2:$B$200,A3,Materials!$F$2:$F$200) | H3: =F3+G3 | I3: 6200 | J3: =D3-H3 | K3: =J3/D3
A4: J-1003 | B4: Brooks Residence | C4: EV charger install | D4: 5500 | E4: Complete | F4: =SUMIF(Labor!$B$2:$B$40,A4,Labor!$G$2:$G$40) | G4: =SUMIF(Materials!$B$2:$B$200,A4,Materials!$F$2:$F$200) | H4: =F4+G4 | J4: =D4-H4 | K4: =J4/D4
A5: J-1004 | B5: Okafor Dental LLC | C5: Operatory lighting | D5: 4400 | E5: Complete | F5: =SUMIF(Labor!$B$2:$B$40,A5,Labor!$G$2:$G$40) | G5: 1850 | H5: =F5+G5 | I5: 4400 | J5: =D5-H5 | K5: =J5/D5
A6: J-1005 | B6: Riverside Yoga | C6: Studio rewiring | D6: 7250 | E6: In progress | F6: =SUMIF(Labor!$B$2:$B$40,A6,Labor!$G$2:$G$40) | G6: =SUMIF(Materials!$B$2:$B$200,A6,Materials!$F$2:$F$200) | H6: =F6+G6 | I6: 3625 | J6: =D6-H6 | K6: =J6/D6
A7: J-1006 | B7: Haddad Bakery | C7: Walk-in cooler feed | D7: 2500 | E7: Complete | F7: =SUMIF(Labor!$B$2:$B$40,A7,Labor!$G$2:$G$40) | G7: =SUMIF(Materials!$B$2:$B$200,A7,Materials!$F$2:$F$200) | H7: =F7+G7 | I7: 2500 | J7: =D7-H7 | K7: =J7/D7
A8: J-1007 | B8: Okafor Dental | C8: Sterilizer circuit | D8: 3850 | E8: In progress | F8: =SUMIF(Labor!$B$2:$B$40,A8,Labor!$G$2:$G$40) | G8: =SUMIF(Materials!$B$2:$B$200,A8,Materials!$F$2:$F$200) | H8: =F8+G8 | I8: 0 | J8: =D8-H8 | K8: =J8/D8
A9: J-1008 | B9: Lin Residence | C9: Kitchen remodel | D9: 6650 | E9: In progress | F9: =SUMIF(Labor!$B$2:$B$40,A9,Labor!$G$2:$G$40) | G9: =SUMIF(Materials!$B$2:$B$200,A9,Materials!$F$2:$F$200) | H9: =F9+G9 | I9: 3325 | J9: =D9-H9 | K9: =J9/D9
C10: Totals | D10: =SUM(D2:D9) | F10: =SUM(F2:F9) | G10: =SUM(G2:G9) | H10: =SUM(H2:H9) | I10: =SUM(I2:I9) | J10: =SUM(J2:J9) | K10: =J10/D10

Sheet Labor
A1: Date | B1: Job # | C1: Worker | D1: Role | E1: Hours | F1: Rate | G1: Cost
A2: 46030 | B2: J-1001 | C2: Marcus | D2: Journeyman | E2: 8 | F2: 48 | G2: =E2*F2
A3: 46031 | B3: J-1001 | C3: Tobi | D3: Apprentice | E3: 4 | F3: 28 | G3: =E3*F3
A4: 46034 | B4: J-1001 | C4: Marcus | D4: Journeyman | E4: 5 | F4: 48 | G4: =E4*F4
A5: 46035 | B5: J-1001 | C5: Marcus | D5: Journeyman | E5: 6.5 | F5: 48 | G5: =E5*F5
A6: 46037 | B6: J-1001 | C6: Tobi | D6: Apprentice | E6: 5 | F6: 28 | G6: =E6*F6
A7: 46038 | B7: J-1001 | C7: Marcus | D7: Journeyman | E7: 6 | F7: 48 | G7: =E7*F7
A8: 46041 | B8: J-1001 | C8: Marcus | D8: Journeyman | E8: 8 | F8: 48 | G8: =E8*F8
A9: 46042 | B9: J-1002 | C9: Marcus | D9: Journeyman | E9: 6.5 | F9: 48 | G9: =E9*F9
A10: 46043 | B10: J-1002 | C10: Marcus | D10: Journeyman | E10: 7.5 | F10: 48 | G10: =E10*F10
A11: 46045 | B11: J-1002 | C11: Elena | D11: Journeyman | E11: 8 | F11: 48 | G11: =E11*F11
A12: 46049 | B12: J-1002 | C12: Elena | D12: Journeyman | E12: 8 | F12: 48 | G12: =E12*F12
A13: 46056 | B13: J-1003 | C13: Elena | D13: Journeyman | E13: 8 | F13: 48 | G13: =E13*F13
... A25: 46087 | B25: J-1006 | C25: Elena | D25: Journeyman | E25: 6 | F25: 48 | G25: =E25*F25
A26: 46090 | B26: J-1006 | C26: Tobi | D26: Apprentice | E26: 7,5 | F26: 28
A27: 46091 | B27: J-1006 | C27: Tobi | D27: Apprentice | E27: 7 | F27: 28 | G27: =E27*F27
A28: 46092 | B28: J-1O05 | C28: Tobi | D28: Apprentice | E28: 4 | F28: 28 | G28: =E28*F28
A29: 46092 | B29: J-1006 | C29: Marcus | D29: Journeyman | E29: 6.5 | F29: 52 | G29: =E29*F29
A30: 46093 | B30: J-1006 | C30: Tobi | D30: Apprentice | E30: 7.5 | F30: 28 | G30: =E30*F30
A31: 46094 | B31: J-1005 | C31: Elena | D31: Journeyman | E31: 6.5 | F31: 48 | G31: =E31*F31
A32: 46105 | B32: J-1005 | C32: Tobi | D32: Apprentice | E32: 8 | F32: 28 | G32: =E32*F32
A33: 46106 | B33: J-1005 | C33: Marcus | D33: Journeyman | E33: 8 | F33: 52 | G33: =E33*F33
A34: 46108 | B34: J-1005 | C34: Marcus | D34: Journeyman | E34: 8 | F34: 52 | G34: =E34*F34
A35: 46111 | B35: J-1008 | C35: Elena | D35: Journeyman | E35: 6 | F35: 48 | G35: =E35*F35
A36: 46112 | B36: J-1005 | C36: Tobi | D36: Apprentice | E36: 7.5 | F36: 28 | G36: =E36*F36
A37: 46113 | B37: J-1005 | C37: Elena | D37: Journeyman | E37: 7.5 | F37: 52 | G37: =E37*F37
A38: 46113 | B38: J-1008 | C38: Elena | D38: Journeyman | E38: 7.5 | F38: 52 | G38: =E38*F38
... A50: 46133 | B50: J-1008 | C50: Tobi | D50: Apprentice | E50: 7.5 | F50: 28 | G50: =E50*F50

Sheet Materials
A1: Date | B1: Job # | C1: Item | D1: Qty | E1: Unit cost | F1: Cost
A2: 46030 | B2: J-1001 | C2: Recessed can light | D2: 3 | E2: 27.4 | F2: =D2*E2
A3: 46034 | B3: J-1001 | C3: 20A breaker | D3: 12 | E3: 11.75 | F3: =D3*E3
A4: 46034 | B4: J-1001 | C4: Sub-panel 100A | D4: 3 | E4: 189 | F4: =D4*E4
A5: 46042 | B5: J-1002 | C5: Disconnect 60A | D5: 8 | E5: 74.25 | F5: =D5*E5
A6: 46042 | B6: J-1002 | C6: Disconnect 60A | D6: 8 | E6: 74.25 | F6: =D6*E6
A7: 46043 | B7: J-1002 | C7: 12/2 Romex, 250 ft | D7: 4 | E7: 138 | F7: =D7*E7
A8: 46043 | B8: J-1002 | C8: Sub-panel 100A | D8: 10 | E8: 189 | F8: =D8*E8
A9: 46056 | B9: J-1003 | C9: EMT conduit 3/4 in, 10 ft | D9: 8 | E9: 9.4 | F9: =D9*E9
A10: 46057 | B10: J-1003 | C10: 20A breaker | D10: 3 | E10: 11.75 | F10: =D10*E10
A11: 46057 | B11: J-1003 | C11: LED troffer 2x4 | D11: 6 | E11: 86.5 | F11: =D11*E11
A12: 46057 | B12: J-1003 | C12: Sub-panel 100A | D12: 12 | E12: 189 | F12: =D12*E12
A13: 46063 | B13: J-1004 | C13: EMT conduit 3/4 in, 10 ft | D13: 10 | E13: 9.4 | F13: =D13*E13
... A31: 46120 | B31: J-1007 | C31: Junction box | D31: 12 | E31: 4.85 | F31: =D31*E31

Sheet Rates
A1: Role | B1: Cost per hour | C1: From
A2: Journeyman | B2: 48 | C2: 46023
A3: Journeyman | B3: 52 | C3: 46082
A4: Apprentice | B4: 28 | C4: 46023
